카테고리,제품명
텐트/타프,고스트 플러스
텐트/타프,몬스터 아이보리
텐트/타프,네스트 W (탄)
텐트/타프,고스트 플러스 (차콜)
텐트/타프,네스트 T (탄)
텐트/타프,T코어 (블랙)
텐트/타프,고스트 캐스퍼 (탄)
텐트/타프,레트로 하우스
텐트/타프,와일드 알파 (그레이)
텐트/타프,고스트 플러스 (카키)
텐트/타프,투어링 II
텐트/타프,네스트 돔
텐트/타프,와일드 폭스트롯 II
텐트/타프,X코어N (탄)
텐트/타프,와일드 알파 (카모)
텐트/타프,미니타프 (탄)
텐트/타프,마리나
텐트/타프,와일드 델타 블랙
텐트/타프,X코어N (블랙)
텐트/타프,레트로 파빌리온
텐트/타프,와일드 임팩트퓨전 헥사 타프
텐트/타프,네스트 W (브라운)
텐트/타프,미니타프 (블랙)
텐트/타프,몬타나 (아이보리)
텐트/타프,에버캠프블랙이너그라운드시트
텐트/타프,와일드 델타 샌드
텐트/타프,와일드 델타 TPU
텐트/타프,고스트 쉘터
텐트/타프,오페라블랙이너그라운드시트
텐트/타프,네스트 W (카키)
텐트/타프,고스트 타이탄 (탄)
텐트/타프,고스트 레이스
텐트/타프,에버랜드리빙그라운드시트
텐트/타프,에이콘
텐트/타프,에버닌 메리 (베이지)
텐트/타프,와우 패밀리 골드
텐트/타프,라이브 렉타가든
텐트/타프,아웃백블랙이너그라운드시트
텐트/타프,고스트 쉘터 베스티블
텐트/타프,랜드 렉타타프
텐트/타프,베이직 오토돔
텐트/타프,썬비치 III
텐트/타프,투어링 카쉘터 M2
텐트/타프,X 코어 (블랙)
텐트/타프,스크린 300 II
텐트/타프,렉타가든 플러스 II
텐트/타프,와우 쉐이드 L
텐트/타프,이스턴이너그라운드시트
텐트/타프,베이스 허브 돔 2P EX (그레이카키)
텐트/타프,에버닌 제리 (카키)
텐트/타프,렉타 타프 와이드 스크린 Ⅱ
텐트/타프,윈드 스크린 II
텐트/타프,베이스 허브 돔 2P (그레이카키)
텐트/타프,렉타타프 사이드월Ⅱ
텐트/타프,네스트 어넥스커버 (아이보리)
텐트/타프,에버닌 제리 (베이지)
텐트/타프,써클타프
텐트/타프,투어링오토쉘터
텐트/타프,와우 쉐이드 M
텐트/타프,랜드 렉타타프
텐트/타프,고스트 윈드스크린
텐트/타프,고스트 스퀘어타프
텐트/타프,고스트 헥사타프
텐트/타프,베이스 터널 510 AL
텐트/타프,팝업 코트 텐트 1P
퍼니처,벨로우드 행어
퍼니처,WS 롤 테이블 M
퍼니처,2웨이 플랫 체어 (블랙)
퍼니처,와일드 듀플렉스 IGT 테이블
퍼니처,벨로우드 롤 테이블 M
퍼니처,리클라이너 릴렉스체어 모스그린
퍼니처,와일드 H.A.F. 체어 (카키)
퍼니처,벨로우드 플랫체어 (블랙)
퍼니처,우드롤테이블 (40주년에디션)
퍼니처,와일드 STS 테이블
퍼니처,메쉬 파이어 캠프 테이블
퍼니처,와일드 레인저 에어소파
퍼니처,미니 BBQ 체어 세트 Ⅱ (민트)
퍼니처,임팩트 퓨전 코트
퍼니처,와일드 임팩트 퓨전 테이블
퍼니처,리플렉트 쉘프 테이블
퍼니처,와일드 H.A.F. 체어 (블랙)
퍼니처,스탠드 테이블
퍼니처,임팩트 퓨전 체어
퍼니처,벨로우드 플랫체어 (아이보리)
퍼니처,벨로우드 쉘프
퍼니처,와일드 레인저 캠프코트
퍼니처,벨로우드 바스켓
퍼니처,와이드 원 액션테이블 L
퍼니처,와이드 원 액션테이블 M
퍼니처,알파인 체어 IV
퍼니처,메쉬 윙 멀티 테이블
퍼니처,로우 슬림 체어 (블루)
퍼니처,와일드 듀플렉스체어
퍼니처,코베아 폴집 BBQ 체어
퍼니처,데코 테이블 행거
퍼니처,WS 캔버스 롱 체어 (블랙)
퍼니처,알파인업체어Ⅴ
퍼니처,WS 패밀리 벤치체어 (그레이)
퍼니처,가죽 테이블보 M
퍼니처,리클라이너 릴렉스체어 블랙
퍼니처,필드 캡틴 체어 L (블랙)
퍼니처,에버닌 미뇽 체어
퍼니처,미니마스터체어IV 옐로우
퍼니처,미니 BBQ 체어 세트 Ⅱ (오렌지)
퍼니처,데크체어
퍼니처,WS 폴딩 테이블 L (브라운)
퍼니처,모리스&보리스 그라운드 체어
퍼니처,WS 캔버스 체어 (블랙)
퍼니처,스틸메쉬 BBQ 체어세트 (블랙)
퍼니처,WS 캔버스 롱 체어 (아이보리)
퍼니처,에어어댑트 체어 라이트그레이
퍼니처,미니마스터체어IV 그린
퍼니처,슬림 트윈 스토브 캐리백 챠콜
퍼니처,WS 캔버스 체어 (아이보리)
퍼니처,WS롤테이블XL
퍼니처,필드 캡틴 체어 L (그린)
퍼니처,하이백 체어 Ⅱ (민트)
퍼니처,벨로우드 롤 테이블 L
퍼니처,모리스&보리스 미니 테이블
퍼니처,에어어댑트 체어 블랙
퍼니처,메쉬 시스템 테이블
퍼니처,코베아 알파인 체어 IV
퍼니처,핸디 테이블 세트
퍼니처,하이백 체어 Ⅱ (썬셋레드)
퍼니처,로우 슬림 체어 (썬셋레드)
퍼니처,이지 라이트테이블
퍼니처,WS 캔버스 체어 (레드)
퍼니처,스틸 메쉬 원 액션 체어 (블랙)
퍼니처,이지 라이트 테이블 (하드탑)
퍼니처,2웨이키친테이블Ⅱ L (믹스컬러)
퍼니처,필드 릴렉스 롱 체어 III (베이지)
가스용품,컨테이너 스토브 블랙
가스용품,컨테이너 스토브
가스용품,구이바다 세라믹 (올리브그린)
가스용품,코베아 구이바다 건곤감리
가스용품,캠프원-봉
가스용품,구이바다 모카
가스용품,구이바다 구이팬
가스용품,894 소등 심지
가스용품,큐빅 히터 (실버그레이)
가스용품,미니
가스용품,베론 스토브(카키) 캐리백 포함
가스용품,캠프1 40th (블랙)
가스용품,엑스온 (블랙)
가스용품,파워센스 (블랙)
가스용품,큐빅 히터 (블랙)
가스용품,알파인 마스터 3.8
가스용품,파이어플라이 (핑크블라썸)
가스용품,베론 (40주년에디션)
가스용품,코칸 40th (블랙)
가스용품,파이어제트 토치
가스용품,V1
가스용품,윈드스크린 8
가스용품,구이바다 올인원 찜기 M
가스용품,알파인 포트 와이드 업
가스용품,캠프1 호스버너
가스용품,티탄 큐브
가스용품,슬림 트윈 스토브 (라이트)
가스용품,가스받침대
가스용품,캐논 토치
가스용품,이그나이터
가스용품,구이바다 세라믹 (네이비)
가스용품,파워 나노 스토브
가스용품,루미나 가스 토치
가스용품,[A/S SHOP] 구이바다 올인원 자재
가스용품,팬텀롱 토치 220
가스용품,엑스온 (핑크)
가스용품,코베아 구이바다 올인원 PO L
가스용품,알파인 마스터 2.0
가스용품,캠프5 호스버너
가스용품,[A/S SHOP] 구이바다 세라믹 자재
가스용품,파이어버드 토치
가스용품,윈드가드 스토브 스탠드 STS 실버
가스용품,LPG 프로
가스용품,스토브 알파 (실버그레이)
가스용품,[A/S SHOP] 구이바다 올인원 캐리백
가스용품,프리미엄 티탄 가스랜턴
가스용품,부스터 +1
가스용품,알파인마스터 2.0 포트
가스용품,큐브 위니 스토브(아이보리) 가스렌지
가스용품,파이어플라이 (루나아이보리)
가스용품,듀얼 프레임 호스 스토브
가스용품,파이어플라이 (포레스트그린)
가스용품,큐피드 히터
가스용품,구이바다 올인원 세라믹뚜껑 L (실버그레이)
가스용품,하이드라 멀티 퓨얼 스토브
가스용품,엑스온 (화이트)
가스용품,캠프4 호스버너
가스용품,구이바다 올인원 세라믹뚜껑 M (실버그레이)
가스용품,알파인마스터 3.8 포트
가스용품,엑스온 (스카이블루)
가스용품,팬텀롱 토치
가스용품,디럭스 트윈 스토브 (블랙)
가스용품,961 대등 심지
가스용품,929 중등 심지
가스용품,961 대등 유리
가스용품,구이바다 미니 (그린)
가스용품,큐브
가스용품,와일드 뷰테인 워머 (카모)
가스용품,구이바다 올인원(M) 아몬드
가스용품,핸디썬
가스용품,오토캐논 가스 토치
가스용품,코베아 캠프1 카키에디션2
가스용품,캠프1 플러스
가스용품,코베아 캠프1 카키에디션
가스용품,코베아 큐브 캐리
가스용품,구이바다 라이트
침낭/매트,패밀리 EX 더블 침낭
침낭/매트,캠프매트 G 200
침낭/매트,캠프매트 G 260
침낭/매트,캠프매트 G 120
침낭/매트,캠프매트 G 160
침낭/매트,이중공간지 에어 매트 40 블랙
침낭/매트,더블 EX
침낭/매트,더블EX패밀리 (베이지)
침낭/매트,크레센트 1800 (딥네이비)
침낭/매트,템플라도 600 (로얄블루)
침낭/매트,캠프매트 160 (탄)
침낭/매트,멀티 코지 토퍼
침낭/매트,멀티 쿨링 토퍼
침낭/매트,멀티 블랭킷 II 230
침낭/매트,코지 블랭킷 라이트 (민트)
침낭/매트,2웨이 자충필로우 047 (샌드)
침낭/매트,멀티 에어 필로우
침낭/매트,소프트 에어 필로우 035 (그레이)
침낭/매트,컴포트 럭스 더블 (블루)
침낭/매트,컴포트 카매트 (베이지)
침낭/매트,허니콤 자충매트 싱글 R-5 (샌드)
침낭/매트,코지 극세사 전기매트 140 (그레이)
침낭/매트,코지 극세사 전기매트 240 (그레이)
침낭/매트,케이블 오토펌프
침낭/매트,코튼 필로우 035 [그레이]
침낭/매트,코튼 필로우 035 [모스그린]
침낭/매트,컴팩트 에어 필로우 045
침낭/매트,라이트에어매트싱글 그레이카키
침낭/매트,라이트에어매트싱글 다크그레이
침낭/매트,허니콤 자충매트 더블 R-6 샌드
침낭/매트,디럭스패브릭매트 브라운
침낭/매트,디럭스패브릭매트 네이비
침낭/매트,리미트 800
침낭/매트,캠프매트 200 (탄)
주방/그릴,NEW 경질 코펠 2-3
주방/그릴,3Layer 스테인리스 3-4인 코펠
주방/그릴,[사전예약판매] 컨테이너 이중연소 화로대
주방/그릴,뱀부 전기그릴
주방/그릴,버사틸 커틀러리
주방/그릴,캠프 키친툴 세트
주방/그릴,임팩트 퓨전 에이프런
주방/그릴,프라임 라운드 그리들 33
주방/그릴,프라임 멀티팬 S
주방/그릴,피에스타 캠핑컵세트 (다크그레이)
주방/그릴,뉴세라믹 코펠 (3-4인)
주방/그릴,뉴세라믹 코펠 (5-6인)
주방/그릴,뉴세라믹 코펠 (7-8인)
주방/그릴,무빙냉동고40L
주방/그릴,헥사 아이언 화로대
주방/그릴,헥사 아이언 화로대 S
주방/그릴,매직1 업그레이드 스테인리스 BBQ
주방/그릴,매직2 업그레이드 스테인리스 BBQ
주방/그릴,뉴 경질코펠 (10인)
주방/그릴,뉴 경질코펠 (5-6인)
주방/그릴,뉴 경질코펠 (7-8인)
주방/그릴,디럭스 스텐레스 코펠 XL
주방/그릴,와일드 버사틸 반합 실버
주방/그릴,스테인리스 케틀1.2L
주방/그릴,보니따 세라믹쿠커세트
주방/그릴,와일드 세비지 플레이트 S
주방/그릴,와일드 세비지 플레이트 M
주방/그릴,와일드 세비지 플레이트 L
주방/그릴,WS 쿨러 스탠드
주방/그릴,탱크 소프트쿨러 III 45L (탄)
주방/그릴,스텐레스 더블 머그 컵 세트Ⅲ
주방/그릴,아미고 캠프컵 III (모스그린)
주방/그릴,아미고 캠프컵 III (샌드)
주방/그릴,보니따 오거나이저
주방/그릴,보니따 키친 툴 케이스
주방/그릴,마데라 우드 미니 보울세트
주방/그릴,마데라 우드 사각 식기세트
주방/그릴,마데라 우드 도마
주방/그릴,마데라 우드 소주컵세트
주방/그릴,마데라 우드 수저세트
주방/그릴,티타늄 커틀러리 세트
주방/그릴,프라임 라운드 그리들 29
주방/그릴,프라임 라운드 그리들 36 (블랙)
주방/그릴,프라임 라운드 그리들 39 (블랙)
주방/그릴,썸머가든 테이블보 L (아이보리)
주방/그릴,썸머가든 테이블보 M (아이보리)
주방/그릴,썸머가든 테이블보 S (아이보리)
주방/그릴,테이블보VI L
주방/그릴,테이블보VI M
주방/그릴,테이블보VI S
주방/그릴,BBQ 숯 집게
주방/그릴,달고나세트
주방/그릴,멀티시저
주방/그릴,와일드 세비지 머그
주방/그릴,스테인리스 집게 STS 304
주방/그릴,AL주전자1.4
주방/그릴,1구 사각 인덕션
주방/그릴,탱크소프트쿨러III 45L(블랙)
주방/그릴,더블히트 화목난로 세트
주방/그릴,미니 프라이팬 뚜껑
주방/그릴,임팩트 퓨전 쿨러 20L
캠핑장비,코베아 x 데이토나 j 팩 해머
캠핑장비,폴딩 박스 아이보리
캠핑장비,폴딩 박스 다크브라운
캠핑장비,폴딩박스 우드 상판
캠핑장비,임팩트 퓨전 에이프런
캠핑장비,심실러 Ⅱ
캠핑장비,파운딩해머 (블랙)
캠핑장비,로렌 귀덮개
캠핑장비,다용도 코드 205 (5mm x 20m)
캠핑장비,다용도코드 20m (4mm)
캠핑장비,다용도코드 3m (4mm x 4pcs)
캠핑장비,다용도코드 5m (4mm x 2pcs)
캠핑장비,280 마스터 슬라이드 폴
캠핑장비,모기향 홀더 (베이지)
캠핑장비,모기향 홀더 (블랙)
캠핑장비,마이크로 헤드랜턴
캠핑장비,리플렉트 트라이 앵글 로프세트 (10M)
캠핑장비,트라이 앵글로프 세트 10m II
캠핑장비,트라이 앵글 스토퍼 II (8pcs)
캠핑장비,센서 헤드 랜턴 650LM
캠핑장비,리코 랜턴 (블랙)
캠핑장비,리코 랜턴 (아이보리)
캠핑장비,리코 랜턴 (코코아)
캠핑장비,보니따 해먹
캠핑장비,해먹 로프 Ⅲ
캠핑장비,펙 해머 케이스 Ⅲ
캠핑장비,미니렌지 캐리백 (차콜)
캠핑장비,다용도스트랩 120
캠핑장비,데이지체인 500 (레드)
캠핑장비,멀티행어
캠핑장비,벨크로 압축벨트 90
캠핑장비,스트레치코드 60cm*4pcs
캠핑장비,멀티 더플백 40L
캠핑장비,스트레치코드 90CM*4pcs
캠핑장비,폴 캐리백 90
캠핑장비,스트레치코드 훅 4pcs
캠핑장비,툴백 13.5L
캠핑장비,2웨이 랜턴걸이 Ⅱ (오렌지)
캠핑장비,임팩트 퓨전 멀티 케이스
캠핑장비,2웨이 랜턴 스탠드 Ⅱ
캠핑장비,기가썬 히터 캐리백Ⅱ 챠콜
캠핑장비,미니릴 20m (USB)
캠핑장비,컨테이너 하드 케이스
캠핑장비,벨로 가죽행어 (브라운)
캠핑장비,셀파 멀티스탠드
캠핑장비,스퀘어릴 25m USB 포트
캠핑장비,써클탭 10M USB (민트)
캠핑장비,폴딩박스 우드상판 32L
캠핑장비,폴딩박스 우드상판 52L
캠핑장비,에버닌 모아 커틀러리 세트 (베이지)
캠핑장비,에버닌 캐슬 티슈 케이스 (베이지)
캠핑장비,에버닌 파티 가랜드
캠핑장비,와일드 스터프 트레이 (블랙)
캠핑장비,와일드 스터프 트레이 (카모)
캠핑장비,더블 데커 웨컨 240L 샌드
캠핑장비,와일드 미니삽 샌드
캠핑장비,진스 에이프런
캠핑장비,차박 그물망
캠핑장비,아웃도어 폴딩박스 70L 올리브그린
캠핑장비,아웃도어 폴딩박스 70L 오프화이트
캠핑장비,아웃도어 폴딩박스 32L 올리브그린
캠핑장비,컴팩트 미니 펌프
캠핑장비,마키나 랜턴 (블랙)
캠핑장비,마키나 랜턴 (화이트)
캠핑장비,문라이트 LED 랜턴
캠핑장비,아모르 Ⅱ M (다크그레이)
캠핑장비,아모르 Ⅱ M (옐로우)
캠핑장비,머큐리 Ⅱ
캠핑장비,문빔
캠핑장비,에버닌 릴리 랜턴
캠핑장비,스피커 랜턴 [카키]
캠핑장비,스피커 랜턴 [샌드]
캠핑장비,오징어데크팩 세트
캠핑장비,다용도 앞치마
캠핑장비,토러스 M
캠핑장비,레트로 랜턴
캠핑장비,알파인폴180cm세트
캠핑장비,3&4폴딩 테이블 렉
캠핑장비,스파이더 LED 헤드랜턴
캠핑장비,메그니파이어Ⅱ
캠핑장비,210마스터 슬라이드 폴
캠핑장비,가스 캐리백 10L [그레이]
캠핑장비,와일드 뷰테인 워머 (카모)
캠핑장비,방염매트 S
캠핑장비,써큘레이터 알파
캠핑장비,무스카 헤드랜턴
리퍼마켓,알루미늄 커넥션 웨빙 Ⅱ
리퍼마켓,2웨이 플랫 체어 (블랙)
리퍼마켓,써니해먹 Ⅲ (썬셋레드)
리퍼마켓,GRP시스템 BBQ테이블
리퍼마켓,3폴딩 테이블 (MDF)
리퍼마켓,ML 슬림 3폴딩 테이블
리퍼마켓,2웨이 키친테이블 스탠드 Ⅱ
리퍼마켓,에어 라이트 테이블 사이드포켓 L
리퍼마켓,LED 6아이 (카키)
리퍼마켓,썬더 브라이트2 (그레이)
리퍼마켓,팜 (민트)
리퍼마켓,체인 LED랜턴 (플린트)
리퍼마켓,체인 LED랜턴 (오렌지)
리퍼마켓,LED 2AA (블루)
리퍼마켓,미니포커스+
리퍼마켓,스텐레스 쿠커 XL
리퍼마켓,마이푸
리퍼마켓,레트로 고스트
리퍼마켓,레트로 캐슬
리퍼마켓,몬스터 아이보리
리퍼마켓,아이거
리퍼마켓,카바나
리퍼마켓,렉타가든 M
리퍼마켓,그레이트 파빌리온 Ⅱ
리퍼마켓,코딘 스퀘어 티피
리퍼마켓,ABS 텐트펙 23CM
리퍼마켓,2웨이 BBQ 삼각대 그릴
리퍼마켓,시스템 테이블 사이드 포켓
리퍼마켓,그레이트파빌리온 하계루프
리퍼마켓,미니 폴딩 BBQ 그릴
리퍼마켓,더치팬 케이스
리퍼마켓,2웨이 LED 랜턴
리퍼마켓,트라이 썬더 랜턴
리퍼마켓,롤테이블 벤치 세트 캐리백
리퍼마켓,페가수스 루프백 논슬립 패드Ⅱ
리퍼마켓,미니티피블랙이너텐트
리퍼마켓,아웃백솔리드루프
리퍼마켓,비비드라이트코트스킨
리퍼마켓,에버랜드리빙그라운드시트
리퍼마켓,에버캠프블랙이너그라운드시트
리퍼마켓,오페라블랙이너그라운드시트
리퍼마켓,오페라블랙루프
리퍼마켓,아웃백 옴니 이너 카페트
리퍼마켓,이스턴이너그라운드시트
리퍼마켓,코딘스퀘어티피이너스크린
리퍼마켓,타프하우스라이너
리퍼마켓,[아울렛] 비틀쉐이드 II
리퍼마켓,[아울렛] 미니 폴딩 BBQ 그릴
리퍼마켓,[아울렛] 신형V-PEG세트
리퍼마켓,[아울렛] 시스템 테이블 캐비닛
리퍼마켓,[아울렛] 밤부 원액션 라운드 테이블(S) 캐리백
리퍼마켓,[아울렛] 어반 M
리퍼마켓,[아울렛] 더치팬레스팅랙
리퍼마켓,[아울렛] 유니크 식기 M
리퍼마켓,[아울렛] 휴메이트그라운드시트
리퍼마켓,[아울렛] 스타게이트블랙이너그라운드시트
리퍼마켓,2웨이 키친 테이블 캐리백Ⅱ(M)
리퍼마켓,[아울렛] 2D LED
리퍼마켓,[아울렛] 아웃백옴니이너그라운드시트
리퍼마켓,[아울렛] 아웃백솔리드이너그라운드시트
리퍼마켓,로터리 스토브 캐리백
리퍼마켓,[아울렛] 알파인UL1000그라운드시트
리퍼마켓,[아울렛] 슬림 2폴딩 테이블 캐리백
리퍼마켓,[아울렛] 파이어캠프사이드플레이트
리퍼마켓,[아울렛] 부스터듀얼맥스
리퍼마켓,[아울렛] 오븐리프터
리퍼마켓,[아울렛] 드라이&펌프 백
리퍼마켓,[아울렛] 그레이트파빌리온동계루프
리퍼마켓,[아울렛] 2단 테이블 캐리백
리퍼마켓,[아울렛] 파이어캠프숯받이(대)
리퍼마켓,[아울렛] 제논 포커스 랜턴
리퍼마켓,[아울렛] 캐슬리빙그라운드시트
리퍼마켓,[아울렛] 알파인1솔로이스트그라운드시트
리퍼마켓,[아울렛] 캐슬이너그라운드시트
리퍼마켓,[아울렛] 시스템 테이블 랜턴 스탠드
리퍼마켓,[아울렛] 와우메가돔그라운드시트
낚시/등산,짚신아이젠19P
낚시/등산,프리 트랙 골드 스패츠 Ⅱ (레드)
낚시/등산,프리 트랙 스패츠Ⅱ
낚시/등산,무릎 보호대 S
낚시/등산,폭시 미노우(PHOXY MINNOW) HW S
낚시/등산,무스티(MOUSTY) F 95MM
낚시/등산,케이준 스피너베이트(CAJUN SPINNERBAIT)
캠핑가전,카본히터 (카키)
캠핑가전,폴딩팬 30cm (화이트)
캠핑가전,무빙냉동고40L
캠핑가전,무선가습기 (1SET)
캠핑가전,1구 사각 인덕션
PET,Doggy Tales 로프 리쉬 1.5M
PET,Doggy Tales 리얼트리 하트 하네스
PET,Doggy Tales 패턴 하트 하네스
PET,Doggy Tales 스텝 V형 하네스
PET,PetPlay 디럭스 트레이닝 파우치
PET,PetPlay 아웃도어 보울
PET,PetPlay 애견 배변봉투 디스펜서 (레드/블랙)
PET,PetPlay 애견 배변봉투 디스펜서 (그린)
PET,PetPlay 아웃도어 디럭스 트레이닝 파우치 S (바닐라)
PET,PetPlay 아웃도어 컴팩트 트레이닝 파우치 S (바닐라)
PET,PetPlay 아웃도어 Toss & Float 장난감 S (바닐라)
PET,PetPlay 아웃도어 식기 S (바닐라)
PET,PetPlay 아웃도어 냉감패드 M (바닐라)
PET,PetPlay 아웃도어 냉감패드 S (바닐라)
PET,PetPlay 캠핑장비 콜렉션 (텐트)
PET,PetPlay 캠핑장비 콜렉션 (크래커)
PET,PetPlay 캠핑장비 콜렉션 (캠핑장비)
PET,PetPlay 캠핑장비 콜렉션 (카약)
PET,PetPlay 캠핑장비 콜렉션 (랜턴)
PET,PetPlay 로프볼 장난감 (브라운)
PET,PetPlay 로프 장난감 (브라운)
신상품존,NEW 경질 코펠 2-3
신상품존,코베아 x 데이토나 j 팩 해머
신상품존,임팩트 퓨전 코트
신상품존,리플렉트 쉘프 테이블
신상품존,캠프원-봉
신상품존,짚신아이젠19P
신상품존,컨테이너 스토브 블랙
신상품존,3Layer 스테인리스 3-4인 코펠
신상품존,캠프매트 G 200
신상품존,캠프매트 G 260
신상품존,캠프매트 G 120
신상품존,캠프매트 G 160
신상품존,[사전예약판매] 컨테이너 이중연소 화로대
신상품존,알파인업체어Ⅴ
신상품존,이중공간지 에어 매트 40 블랙
신상품존,버사틸 커틀러리
신상품존,캠프 키친툴 세트
신상품존,와일드 임팩트 퓨전 테이블
신상품존,와일드 STS 테이블
신상품존,와일드 듀플렉스 IGT 테이블
신상품존,임팩트 퓨전 에이프런
신상품존,티탄 큐브
신상품존,센서 헤드 랜턴 650LM
신상품존,와일드 듀플렉스체어
신상품존,리클라이너 릴렉스체어 블랙
신상품존,리클라이너 릴렉스체어 모스그린
신상품존,임팩트 퓨전 체어
신상품존,와일드 레인저 캠프코트
신상품존,와일드 레인저 에어소파
신상품존,미니마스터체어IV 옐로우
신상품존,미니마스터체어IV 그린
신상품존,코베아 폴집 BBQ 체어
신상품존,와일드 델타 TPU
신상품존,와일드 델타 블랙
신상품존,와일드 델타 샌드
신상품존,와일드 폭스트롯 II
신상품존,와일드 임팩트퓨전 헥사 타프
신상품존,멀티 더플백 40L
신상품존,폴 캐리백 90
신상품존,툴백 13.5L
신상품존,임팩트 퓨전 멀티 케이스
신상품존,컨테이너 하드 케이스
신상품존,더블 데커 웨컨 240L 샌드
신상품존,컴팩트 미니 펌프
신상품존,라이트에어매트싱글 그레이카키
신상품존,라이트에어매트싱글 다크그레이
신상품존,허니콤 자충매트 더블 R-6 샌드
신상품존,스테인리스 케틀1.2L
신상품존,와일드 세비지 플레이트 S
신상품존,와일드 세비지 플레이트 M
신상품존,와일드 세비지 플레이트 L
신상품존,멀티시저
신상품존,와일드 세비지 머그
신상품존,큐빅 히터 (블랙)
신상품존,구이바다 구이팬
신상품존,베이스 터널 510 AL
신상품존,임팩트 퓨전 쿨러 20L
신상품존,팝업 코트 텐트 1P
신상품존,코베아 캠프1 카키에디션2
신상품존,코베아 큐브 캐리
신상품존,코베아 캠프1 카키에디션
